Metodo,N_filas,Núcleos,Tiempo_segundos
MPI,4,1,0.000005
MPI,4,2,0.000029
MPI,4,4,0.000016
MPI,4,8,0.000421
MPI,4,16,0.001171
MPI,5,1,0.000004
MPI,500,1,0.000021
MPI,500,2,0.000017
MPI,500,4,0.000020
MPI,500,8,0.000202
MPI,500,16,0.000448
MPI,1391,1,0.000027
MPI,1391,2,0.000056
MPI,1391,4,0.000330
MPI,1391,8,0.000478
MPI,1391,16,0.002159
